mmsi,year,inferred_label,label_score,inferred_label_allyears,iso3
520217000,2014,drifting_longlines,0.999998450279,drifting_longlines,FJI
520218000,2014,drifting_longlines,0.999998092651,drifting_longlines,FJI
520238000,2014,drifting_longlines,0.999997019768,drifting_longlines,FJI
520228000,2012,drifting_longlines,1.0,drifting_longlines,FJI
520228000,2015,,,drifting_longlines,FJI
520238000,2013,drifting_longlines,0.999996900558,drifting_longlines,FJI
520238000,2015,drifting_longlines,0.999972403049,drifting_longlines,FJI
520217000,2015,drifting_longlines,1.0,drifting_longlines,FJI
520227000,2013,,,drifting_longlines,FJI
412420919,2016,purse_seines,0.999354183674,purse_seines,CHN
413278000,2016,purse_seines,0.999049156904,purse_seines,CHN
413224000,2016,purse_seines,0.813237309456,purse_seines,CHN
413032000,2015,purse_seines,0.99972897768,purse_seines,CHN
413032000,2016,seismic_vessel,0.426802426577,purse_seines,CHN
412371194,2015,purse_seines,0.998571634293,purse_seines,CHN
413224000,2012,purse_seines,0.928462177515,purse_seines,CHN
412420919,2015,purse_seines,0.998432397842,purse_seines,CHN
413032000,2014,purse_seines,0.999686002731,purse_seines,CHN
412371194,2014,purse_seines,0.998961448669,purse_seines,CHN
412420585,2014,drifting_longlines,0.999998569489,drifting_longlines,CHN
412420585,2013,drifting_longlines,0.999999821186,drifting_longlines,CHN
412370007,2013,drifting_longlines,0.997707724571,drifting_longlines,CHN
412985000,2015,drifting_longlines,0.999999523163,drifting_longlines,CHN
412420582,2016,drifting_longlines,0.980888426304,drifting_longlines,CHN
412695640,2012,drifting_longlines,0.999999880791,drifting_longlines,CHN
412420892,2015,drifting_longlines,0.999999940395,drifting_longlines,CHN
412370007,2014,drifting_longlines,0.999997138977,drifting_longlines,CHN
412695640,2014,drifting_longlines,1.0,drifting_longlines,CHN
412420584,2013,drifting_longlines,1.0,drifting_longlines,CHN
412371179,2016,drifting_longlines,0.999334275723,drifting_longlines,CHN
412695640,2015,drifting_longlines,1.0,drifting_longlines,CHN
412985000,2014,drifting_longlines,0.999999046326,drifting_longlines,CHN
412331033,2015,drifting_longlines,0.999999821186,drifting_longlines,CHN
412420582,2013,drifting_longlines,0.999999940395,drifting_longlines,CHN
412420585,2012,drifting_longlines,1.0,drifting_longlines,CHN
412420582,2014,drifting_longlines,0.999996006489,drifting_longlines,CHN
412985000,2016,drifting_longlines,0.500001736984,drifting_longlines,CHN
412985000,2013,drifting_longlines,1.0,drifting_longlines,CHN
412420584,2012,drifting_longlines,1.0,drifting_longlines,CHN
412371179,2014,drifting_longlines,0.999999403954,drifting_longlines,CHN
412695620,2016,drifting_longlines,0.999999821186,drifting_longlines,CHN
412420892,2014,drifting_longlines,0.999999165535,drifting_longlines,CHN
432507000,2012,other_fishing,0.740213583926,other_fishing,JPN
432507000,2015,other_fishing,0.995772898332,other_fishing,JPN
224651000,2015,purse_seines,0.999967694283,purse_seines,ESP
224651000,2016,purse_seines,0.980395108461,purse_seines,ESP
224523000,2013,purse_seines,0.98251375556,purse_seines,ESP
224523000,2016,purse_seines,0.999842196703,purse_seines,ESP
224651000,2012,purse_seines,0.998173475266,purse_seines,ESP
416574000,2015,purse_seines,0.999997496605,purse_seines,TWN
416243600,2014,purse_seines,0.999285310507,purse_seines,TWN
416574000,2016,purse_seines,0.998449832201,purse_seines,TWN
416898000,2015,purse_seines,0.992281913757,purse_seines,TWN
416243700,2014,purse_seines,0.992068678141,purse_seines,TWN
416017500,2013,purse_seines,0.999997496605,purse_seines,TWN
416243600,2015,purse_seines,0.997917413712,purse_seines,TWN
416243600,2013,purse_seines,0.771925389767,purse_seines,TWN
416898000,2016,purse_seines,0.998588591814,purse_seines,TWN
416004242,2016,drifting_longlines,0.999999880791,drifting_longlines,TWN
416004242,2013,drifting_longlines,0.999999940395,drifting_longlines,TWN
416003854,2015,drifting_longlines,1.0,drifting_longlines,TWN
416197600,2012,,,drifting_longlines,TWN
416004409,2012,drifting_longlines,1.0,drifting_longlines,TWN
416003756,2015,drifting_longlines,0.999999940395,drifting_longlines,TWN
416004242,2014,drifting_longlines,1.0,drifting_longlines,TWN
416004552,2013,drifting_longlines,0.999969005585,drifting_longlines,TWN
416003756,2012,drifting_longlines,1.0,drifting_longlines,TWN
416004409,2013,drifting_longlines,0.999999344349,drifting_longlines,TWN
416004507,2015,drifting_longlines,0.999999701977,drifting_longlines,TWN
416004507,2013,drifting_longlines,0.999999761581,drifting_longlines,TWN
416004501,2015,drifting_longlines,0.999999463558,drifting_longlines,TWN
416004507,2016,drifting_longlines,1.0,drifting_longlines,TWN
416003854,2014,drifting_longlines,0.999998450279,drifting_longlines,TWN
416000179,2013,drifting_longlines,0.999999165535,drifting_longlines,TWN
416003854,2013,drifting_longlines,0.99999922514,drifting_longlines,TWN
416003803,2014,drifting_longlines,1.0,drifting_longlines,TWN
416003709,2015,drifting_longlines,0.999999940395,drifting_longlines,TWN
416210600,2014,drifting_longlines,0.999999880791,drifting_longlines,TWN
416004409,2014,drifting_longlines,0.999999880791,drifting_longlines,TWN
416003709,2014,drifting_longlines,1.0,drifting_longlines,TWN
416002596,2015,,,drifting_longlines,TWN
416004553,2014,drifting_longlines,0.999991178513,drifting_longlines,TWN
416004553,2015,drifting_longlines,1.0,drifting_longlines,TWN
416003756,2016,drifting_longlines,0.999999821186,drifting_longlines,TWN
416004242,2012,drifting_longlines,0.999999523163,drifting_longlines,TWN
416003803,2016,drifting_longlines,0.999999523163,drifting_longlines,TWN
416004502,2014,drifting_longlines,0.983452737331,drifting_longlines,TWN
416004552,2016,drifting_longlines,0.999992132187,drifting_longlines,TWN
416004566,2015,drifting_longlines,0.999999642372,drifting_longlines,TWN
416003803,2012,drifting_longlines,0.999999761581,drifting_longlines,TWN
735057565,2012,purse_seines,0.98229932785,purse_seines,ECU
735057564,2012,purse_seines,0.941124469042,purse_seines,ECU
735058003,2016,purse_seines,0.836786031723,purse_seines,ECU
735058003,2012,purse_seines,0.996830165386,purse_seines,ECU
735058003,2013,purse_seines,0.997388660908,purse_seines,ECU
735057565,2016,purse_seines,0.999977648258,purse_seines,ECU
576375000,2012,drifting_longlines,0.839995324612,drifting_longlines,VUT
576375000,2013,drifting_longlines,0.901098012924,drifting_longlines,VUT
529686000,2016,purse_seines,0.996086657047,purse_seines,KIR
529440000,2012,purse_seines,0.998738288879,purse_seines,KIR
529676000,2016,purse_seines,0.998271971941,purse_seines,KIR
529686000,2013,,,purse_seines,KIR
529686000,2015,purse_seines,0.999745249748,purse_seines,KIR
529686000,2014,purse_seines,0.999304741621,purse_seines,KIR
529417000,2014,purse_seines,0.997996121645,purse_seines,KIR
529695000,2016,purse_seines,0.997351676226,purse_seines,KIR
529417000,2012,purse_seines,0.998722732067,purse_seines,KIR
529729000,2015,purse_seines,0.996431529522,purse_seines,KIR
529676000,2013,,,purse_seines,KIR
529440000,2015,purse_seines,0.999968111515,purse_seines,KIR
529440000,2016,purse_seines,0.998268187046,purse_seines,KIR
529469000,2012,purse_seines,0.999892681837,purse_seines,KIR
529469000,2014,purse_seines,0.989127397537,purse_seines,KIR
529783000,2014,purse_seines,0.855002045631,purse_seines,KIR
529676000,2015,purse_seines,0.999741911888,purse_seines,KIR
529729000,2014,purse_seines,0.994932174683,purse_seines,KIR
529695000,2015,purse_seines,0.999036967754,purse_seines,KIR
529417000,2013,purse_seines,0.987403959036,purse_seines,KIR
529415000,2012,drifting_longlines,1.0,drifting_longlines,KIR
529415000,2013,drifting_longlines,1.0,drifting_longlines,KIR
529413000,2014,drifting_longlines,0.992074847221,drifting_longlines,KIR
529413000,2012,drifting_longlines,1.0,drifting_longlines,KIR
529414000,2014,drifting_longlines,0.847297847271,drifting_longlines,KIR
350107000,2013,purse_seines,0.538730628788,purse_seines,NIC
350107000,2012,purse_seines,0.731007456779,purse_seines,NIC
350107000,2015,purse_seines,0.999992966652,purse_seines,NIC
512000061,2013,,,purse_seines,NZL
512000089,2015,purse_seines,0.3409663731,purse_seines,NZL
512000089,2013,purse_seines,0.999585449696,purse_seines,NZL
512012000,2014,purse_seines,0.999996781349,purse_seines,NZL
512000061,2016,purse_seines,0.836189568043,purse_seines,NZL
512000089,2014,purse_seines,0.861729890108,purse_seines,NZL
512000061,2014,,,purse_seines,NZL
548831000,2014,purse_seines,0.999500453472,purse_seines,PHL
441853000,2012,,,purse_seines,KOR
440823000,2014,purse_seines,0.999545425177,purse_seines,KOR
440410000,2013,purse_seines,0.999790489674,purse_seines,KOR
440492000,2012,purse_seines,0.999505132437,purse_seines,KOR
440542000,2012,purse_seines,0.999771207571,purse_seines,KOR
440644000,2015,purse_seines,0.999681591988,purse_seines,KOR
441675000,2015,purse_seines,0.997652560472,purse_seines,KOR
441493000,2016,purse_seines,0.99903562665,purse_seines,KOR
440542000,2016,purse_seines,0.999391943216,purse_seines,KOR
440104000,2015,purse_seines,0.995603382587,purse_seines,KOR
441446000,2013,purse_seines,0.9998062253,purse_seines,KOR
440479000,2014,purse_seines,0.997215688229,purse_seines,KOR
440968000,2014,purse_seines,0.497035937005,purse_seines,KOR
441930000,2014,purse_seines,0.996870756149,purse_seines,KOR
441837000,2014,purse_seines,0.997186481953,purse_seines,KOR
441493000,2012,purse_seines,0.982781469822,purse_seines,KOR
441493000,2015,purse_seines,0.997906595469,purse_seines,KOR
441166000,2016,purse_seines,0.993974000216,purse_seines,KOR
440715000,2012,purse_seines,0.997309952974,purse_seines,KOR
440644000,2013,,,purse_seines,KOR
440671000,2016,purse_seines,0.999941706657,purse_seines,KOR
440990000,2014,purse_seines,0.999188423157,purse_seines,KOR
440104000,2016,purse_seines,0.998783886433,purse_seines,KOR
440975000,2013,purse_seines,0.999834507704,purse_seines,KOR
441166000,2015,purse_seines,0.993856370449,purse_seines,KOR
441930000,2016,purse_seines,0.997676461935,purse_seines,KOR
440479000,2016,purse_seines,0.999967217445,purse_seines,KOR
441837000,2015,purse_seines,0.997377634048,purse_seines,KOR
441024000,2013,purse_seines,0.999669075012,purse_seines,KOR
440195000,2014,purse_seines,0.999661922455,purse_seines,KOR
440233000,2014,purse_seines,0.997193068266,purse_seines,KOR
440968000,2012,purse_seines,0.999223828316,purse_seines,KOR
440450000,2016,purse_seines,0.999956250191,purse_seines,KOR
440542000,2015,purse_seines,0.999997675419,purse_seines,KOR
440450000,2012,purse_seines,0.9997356534,purse_seines,KOR
440990000,2012,purse_seines,0.999819904566,purse_seines,KOR
440053000,2015,purse_seines,0.999142974615,purse_seines,KOR
440492000,2014,purse_seines,0.999891012907,purse_seines,KOR
441853000,2013,purse_seines,0.99974539876,purse_seines,KOR
440195000,2015,purse_seines,0.999668091536,purse_seines,KOR
440968000,2013,purse_seines,0.999977707863,purse_seines,KOR
440823000,2016,purse_seines,0.999688088894,purse_seines,KOR
441166000,2014,purse_seines,0.999653846025,purse_seines,KOR
441675000,2014,purse_seines,0.99847471714,purse_seines,KOR
440233000,2012,purse_seines,0.99920001626,purse_seines,KOR
441837000,2016,purse_seines,0.552324876189,purse_seines,KOR
440644000,2016,purse_seines,0.99781408906,purse_seines,KOR
440104000,2014,purse_seines,0.947710543871,purse_seines,KOR
440542000,2013,purse_seines,0.99972781539,purse_seines,KOR
440492000,2016,purse_seines,0.999925613403,purse_seines,KOR
441930000,2013,,,purse_seines,KOR
441853000,2014,purse_seines,0.983995318413,purse_seines,KOR
440195000,2016,purse_seines,0.501764469198,purse_seines,KOR
441675000,2012,purse_seines,0.999664068222,purse_seines,KOR
440990000,2015,purse_seines,0.999635696411,purse_seines,KOR
440826000,2014,purse_seines,0.962079823017,purse_seines,KOR
441930000,2015,purse_seines,0.99952340126,purse_seines,KOR
440233000,2015,purse_seines,0.998741477728,purse_seines,KOR
440990000,2013,purse_seines,0.999420642853,purse_seines,KOR
441024000,2016,purse_seines,0.997995734215,purse_seines,KOR
441066000,2016,purse_seines,0.999942481518,purse_seines,KOR
441446000,2016,purse_seines,0.999996304512,purse_seines,KOR
440671000,2014,purse_seines,0.99853771925,purse_seines,KOR
440462000,2012,purse_seines,0.999656736851,purse_seines,KOR
440410000,2014,purse_seines,0.985027641058,purse_seines,KOR
440108000,2016,trawlers,0.502377593424,squid_jigger,KOR
441680000,2016,drifting_longlines,1.0,drifting_longlines,KOR
440963000,2015,drifting_longlines,1.0,drifting_longlines,KOR
441043000,2016,drifting_longlines,1.0,drifting_longlines,KOR
440987000,2014,drifting_longlines,1.0,drifting_longlines,KOR
441811000,2013,drifting_longlines,1.0,drifting_longlines,KOR
440920000,2013,drifting_longlines,1.0,drifting_longlines,KOR
441081000,2012,drifting_longlines,0.999999880791,drifting_longlines,KOR
440705000,2014,drifting_longlines,0.999957919121,drifting_longlines,KOR
440894000,2014,drifting_longlines,0.999999523163,drifting_longlines,KOR
440858000,2012,drifting_longlines,1.0,drifting_longlines,KOR
440780000,2014,drifting_longlines,0.999999940395,drifting_longlines,KOR
440986000,2014,drifting_longlines,1.0,drifting_longlines,KOR
440992000,2013,drifting_longlines,0.999999940395,drifting_longlines,KOR
440623000,2016,drifting_longlines,0.99999922514,drifting_longlines,KOR
440919000,2014,drifting_longlines,0.999879568815,drifting_longlines,KOR
440895000,2015,drifting_longlines,1.0,drifting_longlines,KOR
440522000,2015,drifting_longlines,0.999999880791,drifting_longlines,KOR
440620000,2014,drifting_longlines,1.0,drifting_longlines,KOR
440549000,2016,drifting_longlines,1.0,drifting_longlines,KOR
440549000,2014,drifting_longlines,1.0,drifting_longlines,KOR
440645000,2014,drifting_longlines,0.999999880791,drifting_longlines,KOR
440617000,2012,drifting_longlines,1.0,drifting_longlines,KOR
441483000,2013,drifting_longlines,1.0,drifting_longlines,KOR
440641000,2012,drifting_longlines,0.999999642372,drifting_longlines,KOR
440624000,2013,drifting_longlines,0.999981403351,drifting_longlines,KOR
441811000,2015,drifting_longlines,0.999999940395,drifting_longlines,KOR
440801000,2016,drifting_longlines,1.0,drifting_longlines,KOR
440590000,2015,drifting_longlines,0.999998569489,drifting_longlines,KOR
440894000,2013,drifting_longlines,1.0,drifting_longlines,KOR
440623000,2014,drifting_longlines,0.999556750059,drifting_longlines,KOR
440952000,2015,drifting_longlines,1.0,drifting_longlines,KOR
441660000,2012,drifting_longlines,1.0,drifting_longlines,KOR
440894000,2015,drifting_longlines,0.999999821186,drifting_longlines,KOR
440670000,2014,drifting_longlines,0.999855160713,drifting_longlines,KOR
441098000,2015,drifting_longlines,0.999470621347,drifting_longlines,KOR
441811000,2014,drifting_longlines,0.999999642372,drifting_longlines,KOR
440950000,2013,drifting_longlines,1.0,drifting_longlines,KOR
440900000,2015,drifting_longlines,0.999999880791,drifting_longlines,KOR
440781000,2016,drifting_longlines,0.999999880791,drifting_longlines,KOR
440656000,2013,drifting_longlines,1.0,drifting_longlines,KOR
440820000,2015,drifting_longlines,1.0,drifting_longlines,KOR
440055000,2012,drifting_longlines,0.999998450279,drifting_longlines,KOR
440787000,2012,drifting_longlines,0.999999940395,drifting_longlines,KOR
440809000,2016,drifting_longlines,0.999994754791,drifting_longlines,KOR
440636000,2012,drifting_longlines,0.999999880791,drifting_longlines,KOR
440733000,2015,drifting_longlines,1.0,drifting_longlines,KOR
440808000,2013,drifting_longlines,0.930053144693,drifting_longlines,KOR
441483000,2015,drifting_longlines,1.0,drifting_longlines,KOR
440656000,2012,drifting_longlines,1.0,drifting_longlines,KOR
440952000,2012,drifting_longlines,1.0,drifting_longlines,KOR
440089000,2015,drifting_longlines,1.0,drifting_longlines,KOR
440647000,2015,drifting_longlines,0.999999344349,drifting_longlines,KOR
440647000,2012,drifting_longlines,1.0,drifting_longlines,KOR
440236000,2013,drifting_longlines,0.999999701977,drifting_longlines,KOR
440941000,2013,drifting_longlines,0.999983787537,drifting_longlines,KOR
440704000,2014,drifting_longlines,1.0,drifting_longlines,KOR
440773000,2012,drifting_longlines,0.999998271465,drifting_longlines,KOR
440574000,2013,drifting_longlines,1.0,drifting_longlines,KOR
440045000,2013,drifting_longlines,1.0,drifting_longlines,KOR
441241000,2012,drifting_longlines,1.0,drifting_longlines,KOR
440656000,2016,drifting_longlines,0.999997258186,drifting_longlines,KOR
440654000,2012,drifting_longlines,1.0,drifting_longlines,KOR
440584000,2014,drifting_longlines,0.999999821186,drifting_longlines,KOR
441241000,2014,drifting_longlines,0.999999523163,drifting_longlines,KOR
441660000,2014,drifting_longlines,1.0,drifting_longlines,KOR
440987000,2015,drifting_longlines,1.0,drifting_longlines,KOR
441536000,2014,drifting_longlines,1.0,drifting_longlines,KOR
440936000,2013,drifting_longlines,0.999999880791,drifting_longlines,KOR
440703000,2012,drifting_longlines,0.999999940395,drifting_longlines,KOR
441241000,2013,drifting_longlines,1.0,drifting_longlines,KOR
441374000,2012,drifting_longlines,0.999999701977,drifting_longlines,KOR
440055000,2014,drifting_longlines,1.0,drifting_longlines,KOR
440246000,2014,drifting_longlines,0.974278748035,drifting_longlines,KOR
441090000,2012,drifting_longlines,1.0,drifting_longlines,KOR
440590000,2012,drifting_longlines,0.999992728233,drifting_longlines,KOR
440646000,2014,drifting_longlines,0.999984145164,drifting_longlines,KOR
441650000,2016,drifting_longlines,1.0,drifting_longlines,KOR
440788000,2012,drifting_longlines,1.0,drifting_longlines,KOR
440604000,2015,drifting_longlines,1.0,drifting_longlines,KOR
440624000,2012,drifting_longlines,0.999999523163,drifting_longlines,KOR
440239000,2013,drifting_longlines,0.895481139421,drifting_longlines,KOR
440792000,2012,drifting_longlines,1.0,drifting_longlines,KOR
440623000,2013,drifting_longlines,0.997513771057,drifting_longlines,KOR
440919000,2013,reefer,0.354659348726,drifting_longlines,KOR
440919000,2015,drifting_longlines,1.0,drifting_longlines,KOR
440820000,2013,,,drifting_longlines,KOR
440648000,2012,drifting_longlines,1.0,drifting_longlines,KOR
441811000,2016,drifting_longlines,1.0,drifting_longlines,KOR
440669000,2013,drifting_longlines,0.500003855464,drifting_longlines,KOR
441812000,2014,drifting_longlines,1.0,drifting_longlines,KOR
441084000,2014,drifting_longlines,0.999999642372,drifting_longlines,KOR
440645000,2016,drifting_longlines,0.999999940395,drifting_longlines,KOR
440617000,2015,drifting_longlines,0.999999344349,drifting_longlines,KOR
440549000,2015,drifting_longlines,1.0,drifting_longlines,KOR
440517000,2015,drifting_longlines,1.0,drifting_longlines,KOR
441644000,2014,drifting_longlines,0.999999880791,drifting_longlines,KOR
440931000,2015,drifting_longlines,0.999999165535,drifting_longlines,KOR
440927000,2013,drifting_longlines,1.0,drifting_longlines,KOR
440987000,2016,drifting_longlines,0.999995708466,drifting_longlines,KOR
440801000,2013,drifting_longlines,1.0,drifting_longlines,KOR
440952000,2016,drifting_longlines,1.0,drifting_longlines,KOR
440792000,2014,drifting_longlines,1.0,drifting_longlines,KOR
441047000,2012,drifting_longlines,1.0,drifting_longlines,KOR
440808000,2012,drifting_longlines,0.999999880791,drifting_longlines,KOR
440782000,2014,drifting_longlines,1.0,drifting_longlines,KOR
440986000,2013,drifting_longlines,1.0,drifting_longlines,KOR
440792000,2013,drifting_longlines,1.0,drifting_longlines,KOR
441018000,2013,drifting_longlines,1.0,drifting_longlines,KOR
440958000,2013,drifting_longlines,0.99945050478,drifting_longlines,KOR
440648000,2013,drifting_longlines,0.999999523163,drifting_longlines,KOR
440549000,2012,drifting_longlines,1.0,drifting_longlines,KOR
440780000,2012,drifting_longlines,1.0,drifting_longlines,KOR
440926000,2012,drifting_longlines,0.99995726347,drifting_longlines,KOR
440935000,2015,drifting_longlines,1.0,drifting_longlines,KOR
440504000,2015,drifting_longlines,0.999999761581,drifting_longlines,KOR
441098000,2013,drifting_longlines,0.999999940395,drifting_longlines,KOR
440935000,2016,drifting_longlines,0.999997854233,drifting_longlines,KOR
440780000,2016,drifting_longlines,0.999999940395,drifting_longlines,KOR
440648000,2016,drifting_longlines,0.999999940395,drifting_longlines,KOR
440810000,2013,drifting_longlines,1.0,drifting_longlines,KOR
440895000,2012,drifting_longlines,1.0,drifting_longlines,KOR
441650000,2013,drifting_longlines,1.0,drifting_longlines,KOR
440858000,2015,drifting_longlines,1.0,drifting_longlines,KOR
441660000,2015,drifting_longlines,1.0,drifting_longlines,KOR
440590000,2014,drifting_longlines,0.999999940395,drifting_longlines,KOR
440821000,2013,drifting_longlines,1.0,drifting_longlines,KOR
440781000,2012,drifting_longlines,1.0,drifting_longlines,KOR
440636000,2013,drifting_longlines,1.0,drifting_longlines,KOR
440787000,2015,drifting_longlines,0.572083845735,drifting_longlines,KOR
440941000,2015,drifting_longlines,1.0,drifting_longlines,KOR
440641000,2014,drifting_longlines,1.0,drifting_longlines,KOR
440504000,2014,drifting_longlines,1.0,drifting_longlines,KOR
440590000,2013,drifting_longlines,1.0,drifting_longlines,KOR
440705000,2016,drifting_longlines,1.0,drifting_longlines,KOR
440574000,2015,drifting_longlines,1.0,drifting_longlines,KOR
440992000,2016,drifting_longlines,1.0,drifting_longlines,KOR
440281000,2013,drifting_longlines,1.0,drifting_longlines,KOR
440765000,2015,drifting_longlines,0.999999463558,drifting_longlines,KOR
440926000,2013,drifting_longlines,1.0,drifting_longlines,KOR
441043000,2014,drifting_longlines,1.0,drifting_longlines,KOR
441090000,2016,drifting_longlines,0.99389487505,drifting_longlines,KOR
441084000,2013,drifting_longlines,0.999996602535,drifting_longlines,KOR
441062000,2012,drifting_longlines,1.0,drifting_longlines,KOR
440895000,2014,drifting_longlines,0.999992787838,drifting_longlines,KOR
441098000,2014,drifting_longlines,0.999997437,drifting_longlines,KOR
440504000,2013,drifting_longlines,1.0,drifting_longlines,KOR
440926000,2015,drifting_longlines,0.999998807907,drifting_longlines,KOR
440645000,2013,drifting_longlines,1.0,drifting_longlines,KOR
441680000,2013,drifting_longlines,1.0,drifting_longlines,KOR
440895000,2013,drifting_longlines,0.999985277653,drifting_longlines,KOR
441251000,2015,drifting_longlines,0.999999165535,drifting_longlines,KOR
440656000,2014,drifting_longlines,0.999679237604,drifting_longlines,KOR
440778000,2012,drifting_longlines,1.0,drifting_longlines,KOR
440636000,2014,drifting_longlines,0.999690592289,drifting_longlines,KOR
440503000,2012,drifting_longlines,1.0,drifting_longlines,KOR
440654000,2013,drifting_longlines,0.98877120018,drifting_longlines,KOR
440733000,2014,drifting_longlines,1.0,drifting_longlines,KOR
440703000,2016,drifting_longlines,0.999999940395,drifting_longlines,KOR
440846000,2013,drifting_longlines,0.964203625917,drifting_longlines,KOR
441650000,2015,drifting_longlines,0.999999940395,drifting_longlines,KOR
440705000,2013,drifting_longlines,1.0,drifting_longlines,KOR
440987654,2013,drifting_longlines,0.787548810244,drifting_longlines,KOR
441660000,2016,drifting_longlines,1.0,drifting_longlines,KOR
441644000,2013,drifting_longlines,0.999999821186,drifting_longlines,KOR
441869000,2014,drifting_longlines,1.0,drifting_longlines,KOR
441374000,2014,drifting_longlines,0.999999940395,drifting_longlines,KOR
440584000,2013,drifting_longlines,0.999999940395,drifting_longlines,KOR
440781000,2013,drifting_longlines,0.999989628792,drifting_longlines,KOR
440886000,2015,drifting_longlines,1.0,drifting_longlines,KOR
440646000,2012,drifting_longlines,1.0,drifting_longlines,KOR
440792000,2015,drifting_longlines,1.0,drifting_longlines,KOR
440846000,2012,drifting_longlines,0.999989271164,drifting_longlines,KOR
440517000,2013,drifting_longlines,0.999996542931,drifting_longlines,KOR
440751000,2012,drifting_longlines,0.999999940395,drifting_longlines,KOR
440654000,2015,drifting_longlines,1.0,drifting_longlines,KOR
440636000,2015,drifting_longlines,0.999950885773,drifting_longlines,KOR
440504000,2012,drifting_longlines,1.0,drifting_longlines,KOR
440648000,2015,drifting_longlines,0.999999463558,drifting_longlines,KOR
441680000,2014,drifting_longlines,1.0,drifting_longlines,KOR
440777000,2013,drifting_longlines,0.999195992947,drifting_longlines,KOR
440894000,2016,drifting_longlines,0.999999940395,drifting_longlines,KOR
441680000,2015,drifting_longlines,1.0,drifting_longlines,KOR
440604000,2014,drifting_longlines,0.999997735023,drifting_longlines,KOR
440595000,2015,drifting_longlines,1.0,drifting_longlines,KOR
440704000,2012,drifting_longlines,1.0,drifting_longlines,KOR
440648000,2014,drifting_longlines,0.999764442444,drifting_longlines,KOR
440936000,2015,drifting_longlines,1.0,drifting_longlines,KOR
440773000,2014,drifting_longlines,0.999992787838,drifting_longlines,KOR
440807000,2015,drifting_longlines,1.0,drifting_longlines,KOR
440807000,2014,drifting_longlines,1.0,drifting_longlines,KOR
440992000,2014,drifting_longlines,1.0,drifting_longlines,KOR
440055000,2016,drifting_longlines,0.999999403954,drifting_longlines,KOR
440089000,2012,drifting_longlines,1.0,drifting_longlines,KOR
440765000,2013,drifting_longlines,1.0,drifting_longlines,KOR
440620000,2012,drifting_longlines,1.0,drifting_longlines,KOR
440931000,2012,drifting_longlines,1.0,drifting_longlines,KOR
440936000,2016,drifting_longlines,1.0,drifting_longlines,KOR
440894000,2012,drifting_longlines,1.0,drifting_longlines,KOR
440935000,2012,drifting_longlines,0.999999880791,drifting_longlines,KOR
440584000,2016,drifting_longlines,1.0,drifting_longlines,KOR
440045000,2012,drifting_longlines,1.0,drifting_longlines,KOR
441018000,2016,drifting_longlines,1.0,drifting_longlines,KOR
440751000,2013,drifting_longlines,1.0,drifting_longlines,KOR
440821000,2012,drifting_longlines,1.0,drifting_longlines,KOR
440503000,2015,drifting_longlines,1.0,drifting_longlines,KOR
440858000,2016,drifting_longlines,1.0,drifting_longlines,KOR
440770000,2016,drifting_longlines,0.999999821186,drifting_longlines,KOR
440636000,2016,drifting_longlines,1.0,drifting_longlines,KOR
440236000,2016,drifting_longlines,1.0,drifting_longlines,KOR
440703000,2013,drifting_longlines,1.0,drifting_longlines,KOR
440788000,2014,drifting_longlines,0.999999344349,drifting_longlines,KOR
440920000,2016,drifting_longlines,1.0,drifting_longlines,KOR
441084000,2012,drifting_longlines,0.999936461449,drifting_longlines,KOR
440055000,2013,,,drifting_longlines,KOR
440900000,2014,drifting_longlines,1.0,drifting_longlines,KOR
440919000,2012,drifting_longlines,0.999999582767,drifting_longlines,KOR
440584000,2012,drifting_longlines,0.999999940395,drifting_longlines,KOR
441251000,2013,drifting_longlines,0.999999821186,drifting_longlines,KOR
440778000,2016,,,drifting_longlines,KOR
440933000,2012,drifting_longlines,1.0,drifting_longlines,KOR
440954000,2014,drifting_longlines,1.0,drifting_longlines,KOR
440809000,2014,drifting_longlines,0.999900907278,drifting_longlines,KOR
441536000,2013,drifting_longlines,0.999997913837,drifting_longlines,KOR
440820000,2016,drifting_longlines,0.999999821186,drifting_longlines,KOR
365878412,2015,purse_seines,0.99925994873,purse_seines,
36764000,2016,purse_seines,0.998437911272,purse_seines,
36764000,2015,purse_seines,0.999085366726,purse_seines,
36764000,2014,purse_seines,0.999460697174,purse_seines,
444080710,2012,purse_seines,0.999719053507,purse_seines,
365878412,2016,purse_seines,0.998524874449,purse_seines,
452005511,2015,purse_seines,0.999660432339,purse_seines,
444080710,2014,purse_seines,0.999834388494,purse_seines,
367463000,2015,purse_seines,0.999927103519,purse_seines,USA
367359220,2016,,,purse_seines,USA
367666000,2016,purse_seines,0.997107088566,purse_seines,USA
366827000,2014,purse_seines,0.998751521111,purse_seines,USA
338622000,2013,purse_seines,0.507375873625,purse_seines,USA
303137000,2016,purse_seines,0.998661994934,purse_seines,USA
366827000,2013,purse_seines,0.878193169832,purse_seines,USA
367359220,2013,purse_seines,0.999786555767,purse_seines,USA
338013000,2016,purse_seines,0.763075470924,purse_seines,USA
366927000,2012,purse_seines,0.997970700264,purse_seines,USA
368489000,2014,purse_seines,0.998607337475,purse_seines,USA
366878000,2016,purse_seines,0.998206317425,purse_seines,USA
303137000,2013,purse_seines,0.97798281908,purse_seines,USA
338712000,2014,purse_seines,0.995251506567,purse_seines,USA
338712000,2015,purse_seines,0.999861121178,purse_seines,USA
338013000,2014,purse_seines,0.999999165535,purse_seines,USA
338539000,2016,purse_seines,0.999353826046,purse_seines,USA
366827000,2012,purse_seines,0.998411029577,purse_seines,USA
366827000,2015,purse_seines,0.998464822769,purse_seines,USA
338622000,2015,purse_seines,0.999961674213,purse_seines,USA
338013000,2015,purse_seines,0.999261856079,purse_seines,USA
303137000,2012,purse_seines,0.995241999626,purse_seines,USA
538060018,2014,purse_seines,0.999988257885,purse_seines,MHL
538060004,2016,purse_seines,0.998109966516,purse_seines,MHL
538060006,2016,purse_seines,0.99934270978,purse_seines,MHL
538060005,2016,purse_seines,0.999678879976,purse_seines,MHL
538060005,2012,purse_seines,0.994657576084,purse_seines,MHL
538060018,2013,purse_seines,0.99998742342,purse_seines,MHL
538060006,2015,purse_seines,0.999954938889,purse_seines,MHL
538060004,2012,,,purse_seines,MHL
538060004,2013,,,purse_seines,MHL
538060005,2015,purse_seines,0.997797101736,purse_seines,MHL
553111738,2015,purse_seines,0.997304081917,purse_seines,PNG
553111744,2016,purse_seines,0.996947586536,purse_seines,PNG
553111744,2014,purse_seines,0.992395162582,purse_seines,PNG
553111738,2016,purse_seines,0.998299360275,purse_seines,PNG
553111761,2015,purse_seines,0.999836325645,purse_seines,PNG
553111750,2015,purse_seines,0.999827384949,purse_seines,PNG
510057000,2015,purse_seines,0.998080551624,purse_seines,FSM
510057000,2016,purse_seines,0.999379485846,purse_seines,FSM
510062000,2016,purse_seines,0.997500807047,purse_seines,FSM
444042912,2013,purse_seines,0.997930705547,purse_seines,
36764000,2012,purse_seines,0.998038291931,purse_seines,
452005511,2013,purse_seines,0.999799907207,purse_seines,
452005511,2016,purse_seines,0.999504446983,purse_seines,
444042912,2012,purse_seines,0.999780833721,purse_seines,
452005511,2014,purse_seines,0.929913908243,purse_seines,
365878412,2014,purse_seines,0.99515876174,purse_seines,
444080710,2013,purse_seines,0.999858826399,purse_seines,
365878412,2013,purse_seines,0.999764144421,purse_seines,
36764000,2013,purse_seines,0.884444534779,purse_seines,
444080710,2015,purse_seines,0.946159780025,purse_seines,
413278000,2015,purse_seines,0.971030682325,purse_seines,CHN
413224000,2014,purse_seines,0.667289078236,purse_seines,CHN
412371194,2016,purse_seines,0.999958872795,purse_seines,CHN
413278000,2014,purse_seines,0.999144047499,purse_seines,CHN
413224000,2013,,,purse_seines,CHN
413278000,2013,purse_seines,0.999486207962,purse_seines,CHN
413224000,2015,purse_seines,0.999263703823,purse_seines,CHN
412371194,2013,,,purse_seines,CHN
412695620,2014,,,drifting_longlines,CHN
412328728,2015,drifting_longlines,1.0,drifting_longlines,CHN
412420585,2015,drifting_longlines,1.0,drifting_longlines,CHN
412328728,2016,drifting_longlines,1.0,drifting_longlines,CHN
412695640,2016,drifting_longlines,1.0,drifting_longlines,CHN
412420582,2015,drifting_longlines,1.0,drifting_longlines,CHN
412985000,2012,,,drifting_longlines,CHN
412370007,2015,drifting_longlines,1.0,drifting_longlines,CHN
412695620,2013,,,drifting_longlines,CHN
412331033,2016,drifting_longlines,1.0,drifting_longlines,CHN
412695620,2015,,,drifting_longlines,CHN
412695640,2013,drifting_longlines,0.999996840954,drifting_longlines,CHN
412370007,2016,drifting_longlines,1.0,drifting_longlines,CHN
412420584,2014,drifting_longlines,1.0,drifting_longlines,CHN
412420582,2012,drifting_longlines,0.999999880791,drifting_longlines,CHN
412420584,2015,drifting_longlines,0.999955058098,drifting_longlines,CHN
412420892,2016,drifting_longlines,1.0,drifting_longlines,CHN
412420585,2016,drifting_longlines,0.999999642372,drifting_longlines,CHN
412371179,2015,drifting_longlines,1.0,drifting_longlines,CHN
412331033,2014,drifting_longlines,1.0,drifting_longlines,CHN
735057564,2015,purse_seines,0.999997377396,purse_seines,ECU
735057565,2014,purse_seines,0.998511403799,purse_seines,ECU
735057565,2015,purse_seines,0.999987363815,purse_seines,ECU
735057565,2013,purse_seines,0.996503263712,purse_seines,ECU
735058003,2014,purse_seines,0.997374117374,purse_seines,ECU
735057564,2013,passenger,0.545930458022,purse_seines,ECU
735057564,2016,purse_seines,0.54187951237,purse_seines,ECU
735058003,2015,purse_seines,0.999984622002,purse_seines,ECU
224523000,2014,purse_seines,0.999477446079,purse_seines,ESP
224680000,2016,,,purse_seines,ESP
224651000,2013,purse_seines,0.890610694885,purse_seines,ESP
224680000,2012,purse_seines,0.999656736851,purse_seines,ESP
224651000,2014,purse_seines,0.998657256365,purse_seines,ESP
224523000,2015,purse_seines,0.99974167347,purse_seines,ESP
224680000,2013,purse_seines,0.994142949581,purse_seines,ESP
224680000,2015,,,purse_seines,ESP
520241000,2016,drifting_longlines,1.0,drifting_longlines,FJI
520238000,2012,drifting_longlines,0.999999761581,drifting_longlines,FJI
520217000,2013,drifting_longlines,0.999998867512,drifting_longlines,FJI
520241000,2015,drifting_longlines,1.0,drifting_longlines,FJI
520217000,2012,drifting_longlines,1.0,drifting_longlines,FJI
520218000,2016,drifting_longlines,1.0,drifting_longlines,FJI
520218000,2012,drifting_longlines,1.0,drifting_longlines,FJI
520227000,2012,drifting_longlines,1.0,drifting_longlines,FJI
520241000,2014,drifting_longlines,1.0,drifting_longlines,FJI
520218000,2015,drifting_longlines,1.0,drifting_longlines,FJI
520241000,2013,drifting_longlines,0.999985158443,drifting_longlines,FJI
520238000,2016,drifting_longlines,0.999272942543,drifting_longlines,FJI
520217000,2016,drifting_longlines,1.0,drifting_longlines,FJI
520228000,2013,,,drifting_longlines,FJI
520241000,2012,drifting_longlines,0.999612867832,drifting_longlines,FJI
520218000,2013,drifting_longlines,0.999999761581,drifting_longlines,FJI
510062000,2015,purse_seines,0.997751712799,purse_seines,FSM
510057000,2014,purse_seines,0.998423993587,purse_seines,FSM
432507000,2014,other_fishing,0.994958192954,other_fishing,JPN
432507000,2016,other_fishing,0.999807220478,other_fishing,JPN
432507000,2013,other_fishing,0.998577229887,other_fishing,JPN
432365000,2012,drifting_longlines,1.0,drifting_longlines,JPN
432365000,2013,drifting_longlines,1.0,drifting_longlines,JPN
529469000,2016,purse_seines,0.999072194099,purse_seines,KIR
529469000,2015,purse_seines,0.998603463173,purse_seines,KIR
529783000,2015,purse_seines,0.999940931797,purse_seines,KIR
529695000,2014,purse_seines,0.984801232815,purse_seines,KIR
529687000,2015,purse_seines,0.999909371138,purse_seines,KIR
529687000,2014,purse_seines,0.999780237675,purse_seines,KIR
529469000,2013,purse_seines,0.999763280153,purse_seines,KIR
529440000,2013,purse_seines,0.997484236956,purse_seines,KIR
529687000,2016,purse_seines,0.999679118395,purse_seines,KIR
529417000,2015,purse_seines,0.999960899353,purse_seines,KIR
529783000,2016,purse_seines,0.999414235353,purse_seines,KIR
529729000,2016,purse_seines,0.999052375555,purse_seines,KIR
529440000,2014,purse_seines,0.999255627394,purse_seines,KIR
529676000,2014,purse_seines,0.99958255887,purse_seines,KIR
529417000,2016,purse_seines,0.999768435955,purse_seines,KIR
529414000,2012,drifting_longlines,1.0,drifting_longlines,KIR
529413000,2013,drifting_longlines,1.0,drifting_longlines,KIR
529415000,2014,drifting_longlines,0.993017971516,drifting_longlines,KIR
529414000,2013,drifting_longlines,0.999999642372,drifting_longlines,KIR
441837000,2012,purse_seines,0.999962806702,purse_seines,KOR
440552000,2012,purse_seines,0.992615938187,purse_seines,KOR
441837000,2013,purse_seines,0.99994790554,purse_seines,KOR
440826000,2012,,,purse_seines,KOR
441024000,2015,purse_seines,0.99974501133,purse_seines,KOR
441024000,2014,purse_seines,0.996223121881,purse_seines,KOR
440575000,2013,purse_seines,0.999672144651,purse_seines,KOR
440233000,2013,purse_seines,0.999586641788,purse_seines,KOR
440492000,2013,purse_seines,0.999421328306,purse_seines,KOR
441853000,2015,purse_seines,0.992787122726,purse_seines,KOR
440053000,2014,purse_seines,0.999142616987,purse_seines,KOR
441066000,2012,purse_seines,0.998025178909,purse_seines,KOR
440715000,2013,purse_seines,0.990114808083,purse_seines,KOR
440450000,2013,purse_seines,0.99989131093,purse_seines,KOR
441446000,2015,purse_seines,0.998374819756,purse_seines,KOR
440462000,2014,purse_seines,0.998183578253,purse_seines,KOR
441166000,2013,purse_seines,0.999977648258,purse_seines,KOR
441166000,2012,purse_seines,0.997610092163,purse_seines,KOR
440823000,2015,purse_seines,0.999864697456,purse_seines,KOR
440444000,2013,purse_seines,0.999712020159,purse_seines,KOR
440575000,2012,purse_seines,0.995562702417,purse_seines,KOR
440575000,2015,purse_seines,0.999568641186,purse_seines,KOR
440552000,2014,purse_seines,0.9990914464,purse_seines,KOR
441853000,2016,purse_seines,0.99956074357,purse_seines,KOR
440671000,2013,purse_seines,0.997664511204,purse_seines,KOR
441493000,2013,purse_seines,0.999994754791,purse_seines,KOR
440671000,2015,purse_seines,0.999988675117,purse_seines,KOR
440542000,2014,purse_seines,0.999362587929,purse_seines,KOR
440823000,2012,purse_seines,0.999202370644,purse_seines,KOR
440552000,2013,purse_seines,0.999882549047,purse_seines,KOR
441066000,2015,purse_seines,0.999265611172,purse_seines,KOR
441024000,2012,purse_seines,0.999646693468,purse_seines,KOR
441675000,2013,purse_seines,0.99987539649,purse_seines,KOR
440444000,2012,purse_seines,0.999815165997,purse_seines,KOR
440233000,2016,purse_seines,0.997689157724,purse_seines,KOR
440053000,2016,purse_seines,0.982952773571,purse_seines,KOR
440644000,2014,,,purse_seines,KOR
440450000,2014,purse_seines,0.99952340126,purse_seines,KOR
441446000,2014,purse_seines,0.999358057976,purse_seines,KOR
440479000,2015,purse_seines,0.999980211258,purse_seines,KOR
440444000,2015,purse_seines,0.999994337559,purse_seines,KOR
441446000,2012,purse_seines,0.991156429052,purse_seines,KOR
440975000,2012,purse_seines,0.999576419592,purse_seines,KOR
440823000,2013,purse_seines,0.998905807734,purse_seines,KOR
441066000,2013,purse_seines,0.998931437731,purse_seines,KOR
440444000,2014,purse_seines,0.988106995821,purse_seines,KOR
441675000,2016,purse_seines,0.999094754457,purse_seines,KOR
440715000,2014,purse_seines,0.998309373856,purse_seines,KOR
440552000,2015,purse_seines,0.999610811472,purse_seines,KOR
440492000,2015,purse_seines,0.999602556229,purse_seines,KOR
440444000,2016,purse_seines,0.998705327511,purse_seines,KOR
440410000,2012,purse_seines,0.999536067247,purse_seines,KOR
440450000,2015,purse_seines,0.999067187309,purse_seines,KOR
440575000,2016,purse_seines,0.998057126999,purse_seines,KOR
440462000,2013,purse_seines,0.999054402113,purse_seines,KOR
441066000,2014,purse_seines,0.999015152454,purse_seines,KOR
440575000,2014,purse_seines,0.999894827604,purse_seines,KOR
440671000,2012,purse_seines,0.999066859484,purse_seines,KOR
441493000,2014,purse_seines,0.999698668718,purse_seines,KOR
440826000,2013,purse_seines,0.998861223459,purse_seines,KOR
440479000,2013,purse_seines,0.999411940575,purse_seines,KOR
440108000,2014,squid_jigger,0.735127687454,squid_jigger,KOR
440108000,2015,squid_jigger,0.998616933823,squid_jigger,KOR
440108000,2012,purse_seines,0.999599635601,squid_jigger,KOR
440045000,2016,drifting_longlines,1.0,drifting_longlines,KOR
440807000,2013,drifting_longlines,1.0,drifting_longlines,KOR
440617000,2013,drifting_longlines,1.0,drifting_longlines,KOR
441650000,2014,drifting_longlines,0.999999940395,drifting_longlines,KOR
440770000,2015,drifting_longlines,1.0,drifting_longlines,KOR
440765000,2014,drifting_longlines,1.0,drifting_longlines,KOR
440595000,2012,drifting_longlines,0.999999284744,drifting_longlines,KOR
440821000,2015,drifting_longlines,1.0,drifting_longlines,KOR
440777000,2012,drifting_longlines,0.99999576807,drifting_longlines,KOR
440941000,2012,drifting_longlines,1.0,drifting_longlines,KOR
440751000,2014,drifting_longlines,1.0,drifting_longlines,KOR
440236000,2015,drifting_longlines,1.0,drifting_longlines,KOR
440246000,2012,drifting_longlines,0.99999922514,drifting_longlines,KOR
440574000,2016,drifting_longlines,1.0,drifting_longlines,KOR
440239000,2012,drifting_longlines,1.0,drifting_longlines,KOR
440503000,2013,drifting_longlines,1.0,drifting_longlines,KOR
440950000,2014,drifting_longlines,1.0,drifting_longlines,KOR
440933000,2013,drifting_longlines,1.0,drifting_longlines,KOR
441374000,2016,drifting_longlines,1.0,drifting_longlines,KOR
440931000,2016,drifting_longlines,1.0,drifting_longlines,KOR
440656000,2015,drifting_longlines,1.0,drifting_longlines,KOR
440919000,2016,drifting_longlines,0.999999940395,drifting_longlines,KOR
440808000,2014,,,drifting_longlines,KOR
440704000,2013,drifting_longlines,1.0,drifting_longlines,KOR
440770000,2014,drifting_longlines,1.0,drifting_longlines,KOR
440612000,2015,drifting_longlines,1.0,drifting_longlines,KOR
440782000,2013,drifting_longlines,1.0,drifting_longlines,KOR
440809000,2012,drifting_longlines,0.99996304512,drifting_longlines,KOR
440895000,2016,drifting_longlines,1.0,drifting_longlines,KOR
440770000,2013,drifting_longlines,1.0,drifting_longlines,KOR
441869000,2013,drifting_longlines,0.999582767487,drifting_longlines,KOR
440646000,2016,drifting_longlines,0.999999403954,drifting_longlines,KOR
440782000,2016,drifting_longlines,1.0,drifting_longlines,KOR
440954000,2012,drifting_longlines,1.0,drifting_longlines,KOR
440886000,2016,drifting_longlines,1.0,drifting_longlines,KOR
440987000,2012,drifting_longlines,1.0,drifting_longlines,KOR
440517000,2012,drifting_longlines,0.999999403954,drifting_longlines,KOR
440522000,2012,drifting_longlines,0.999999821186,drifting_longlines,KOR
440950000,2012,drifting_longlines,0.999999642372,drifting_longlines,KOR
440992000,2012,drifting_longlines,1.0,drifting_longlines,KOR
440517000,2016,drifting_longlines,1.0,drifting_longlines,KOR
440773000,2015,drifting_longlines,1.0,drifting_longlines,KOR
440788000,2016,drifting_longlines,1.0,drifting_longlines,KOR
440900000,2012,drifting_longlines,1.0,drifting_longlines,KOR
440778000,2015,,,drifting_longlines,KOR
440055000,2015,drifting_longlines,0.999997913837,drifting_longlines,KOR
440886000,2012,drifting_longlines,1.0,drifting_longlines,KOR
440788000,2015,drifting_longlines,1.0,drifting_longlines,KOR
440646000,2013,drifting_longlines,1.0,drifting_longlines,KOR
440801000,2014,drifting_longlines,1.0,drifting_longlines,KOR
440920000,2014,drifting_longlines,1.0,drifting_longlines,KOR
440886000,2013,drifting_longlines,1.0,drifting_longlines,KOR
440770000,2012,drifting_longlines,1.0,drifting_longlines,KOR
440089000,2013,drifting_longlines,1.0,drifting_longlines,KOR
441869000,2015,drifting_longlines,0.999999523163,drifting_longlines,KOR
440788000,2013,drifting_longlines,0.999999940395,drifting_longlines,KOR
440782000,2012,drifting_longlines,1.0,drifting_longlines,KOR
441084000,2016,drifting_longlines,1.0,drifting_longlines,KOR
440792000,2016,drifting_longlines,1.0,drifting_longlines,KOR
440920000,2015,drifting_longlines,1.0,drifting_longlines,KOR
440809000,2015,drifting_longlines,0.999998688698,drifting_longlines,KOR
440936000,2012,drifting_longlines,0.999983429909,drifting_longlines,KOR
440236000,2012,drifting_longlines,1.0,drifting_longlines,KOR
440778000,2013,drifting_longlines,0.999999940395,drifting_longlines,KOR
440820000,2012,drifting_longlines,0.999969363213,drifting_longlines,KOR
440950000,2015,trawlers,0.619241952896,drifting_longlines,KOR
440246000,2015,drifting_longlines,1.0,drifting_longlines,KOR
441644000,2012,drifting_longlines,1.0,drifting_longlines,KOR
440522000,2013,drifting_longlines,0.999999046326,drifting_longlines,KOR
441098000,2016,drifting_longlines,0.999999344349,drifting_longlines,KOR
440780000,2013,drifting_longlines,1.0,drifting_longlines,KOR
440623000,2015,drifting_longlines,0.999999821186,drifting_longlines,KOR
440751000,2016,drifting_longlines,1.0,drifting_longlines,KOR
440933000,2016,drifting_longlines,1.0,drifting_longlines,KOR
440781000,2014,drifting_longlines,0.999999821186,drifting_longlines,KOR
440986000,2012,drifting_longlines,1.0,drifting_longlines,KOR
440645000,2015,drifting_longlines,1.0,drifting_longlines,KOR
440778000,2014,drifting_longlines,0.999999940395,drifting_longlines,KOR
440900000,2016,drifting_longlines,1.0,drifting_longlines,KOR
441536000,2015,drifting_longlines,0.500384376268,drifting_longlines,KOR
441062000,2013,drifting_longlines,0.999999940395,drifting_longlines,KOR
440954000,2016,drifting_longlines,0.999999821186,drifting_longlines,KOR
440617000,2014,drifting_longlines,0.999989509583,drifting_longlines,KOR
440782000,2015,drifting_longlines,1.0,drifting_longlines,KOR
440963000,2013,drifting_longlines,1.0,drifting_longlines,KOR
441251000,2016,drifting_longlines,1.0,drifting_longlines,KOR
440239000,2015,drifting_longlines,1.0,drifting_longlines,KOR
440628000,2012,drifting_longlines,1.0,drifting_longlines,KOR
440703000,2015,drifting_longlines,0.99999833107,drifting_longlines,KOR
440986000,2015,drifting_longlines,1.0,drifting_longlines,KOR
440987000,2013,drifting_longlines,0.999999761581,drifting_longlines,KOR
440620000,2016,drifting_longlines,0.999999940395,drifting_longlines,KOR
440781000,2015,drifting_longlines,1.0,drifting_longlines,KOR
441660000,2013,drifting_longlines,1.0,drifting_longlines,KOR
441084000,2015,drifting_longlines,0.999999940395,drifting_longlines,KOR
440846000,2016,drifting_longlines,1.0,drifting_longlines,KOR
440777000,2014,drifting_longlines,0.999964356422,drifting_longlines,KOR
440952000,2014,drifting_longlines,1.0,drifting_longlines,KOR
440647000,2013,drifting_longlines,1.0,drifting_longlines,KOR
440821000,2014,drifting_longlines,1.0,drifting_longlines,KOR
440617000,2016,drifting_longlines,0.999999821186,drifting_longlines,KOR
440246000,2016,drifting_longlines,1.0,drifting_longlines,KOR
440522000,2014,drifting_longlines,0.999999523163,drifting_longlines,KOR
441650000,2012,drifting_longlines,0.999999940395,drifting_longlines,KOR
440612000,2013,drifting_longlines,1.0,drifting_longlines,KOR
440846000,2015,drifting_longlines,0.999993801117,drifting_longlines,KOR
440801000,2012,drifting_longlines,1.0,drifting_longlines,KOR
440590000,2016,drifting_longlines,0.999999880791,drifting_longlines,KOR
440810000,2012,drifting_longlines,1.0,drifting_longlines,KOR
441812000,2012,drifting_longlines,0.999998927116,drifting_longlines,KOR
441645000,2012,drifting_longlines,1.0,drifting_longlines,KOR
441645000,2015,drifting_longlines,0.999999761581,drifting_longlines,KOR
440641000,2013,drifting_longlines,0.999986290932,drifting_longlines,KOR
441047000,2013,drifting_longlines,1.0,drifting_longlines,KOR
440773000,2016,drifting_longlines,1.0,drifting_longlines,KOR
441374000,2013,drifting_longlines,1.0,drifting_longlines,KOR
440239000,2014,drifting_longlines,0.599429756403,drifting_longlines,KOR
440787000,2014,drifting_longlines,0.598819434643,drifting_longlines,KOR
441644000,2016,drifting_longlines,0.999999940395,drifting_longlines,KOR
440612000,2016,drifting_longlines,1.0,drifting_longlines,KOR
440504000,2016,drifting_longlines,1.0,drifting_longlines,KOR
440807000,2012,drifting_longlines,1.0,drifting_longlines,KOR
441483000,2014,drifting_longlines,0.999999940395,drifting_longlines,KOR
440858000,2013,drifting_longlines,1.0,drifting_longlines,KOR
440807000,2016,drifting_longlines,0.999999940395,drifting_longlines,KOR
440604000,2012,drifting_longlines,0.999993741512,drifting_longlines,KOR
440787000,2013,drifting_longlines,0.999813497066,drifting_longlines,KOR
440595000,2016,drifting_longlines,1.0,drifting_longlines,KOR
440809000,2013,drifting_longlines,0.999999880791,drifting_longlines,KOR
440503000,2014,drifting_longlines,1.0,drifting_longlines,KOR
440954000,2013,drifting_longlines,0.999999642372,drifting_longlines,KOR
440641000,2015,drifting_longlines,1.0,drifting_longlines,KOR
440820000,2014,drifting_longlines,1.0,drifting_longlines,KOR
440992000,2015,drifting_longlines,1.0,drifting_longlines,KOR
441018000,2014,drifting_longlines,1.0,drifting_longlines,KOR
441251000,2014,drifting_longlines,0.999999940395,drifting_longlines,KOR
440624000,2015,drifting_longlines,0.999999940395,drifting_longlines,KOR
440517000,2014,,,drifting_longlines,KOR
440780000,2015,drifting_longlines,0.999999880791,drifting_longlines,KOR
441090000,2014,drifting_longlines,1.0,drifting_longlines,KOR
440628000,2014,drifting_longlines,1.0,drifting_longlines,KOR
440647000,2016,drifting_longlines,0.99999910593,drifting_longlines,KOR
440595000,2014,drifting_longlines,0.999999403954,drifting_longlines,KOR
441812000,2016,drifting_longlines,0.999998927116,drifting_longlines,KOR
441098000,2012,drifting_longlines,1.0,drifting_longlines,KOR
440931000,2014,drifting_longlines,0.999999880791,drifting_longlines,KOR
440801000,2015,drifting_longlines,0.999998867512,drifting_longlines,KOR
440646000,2015,drifting_longlines,0.999999523163,drifting_longlines,KOR
440935000,2014,drifting_longlines,0.999999821186,drifting_longlines,KOR
440670000,2012,drifting_longlines,1.0,drifting_longlines,KOR
440669000,2012,drifting_longlines,0.999999761581,drifting_longlines,KOR
440941000,2014,drifting_longlines,0.99988797307,drifting_longlines,KOR
440900000,2013,drifting_longlines,1.0,drifting_longlines,KOR
440963000,2012,drifting_longlines,1.0,drifting_longlines,KOR
441043000,2013,drifting_longlines,1.0,drifting_longlines,KOR
441483000,2012,drifting_longlines,0.999999642372,drifting_longlines,KOR
440574000,2014,drifting_longlines,1.0,drifting_longlines,KOR
440612000,2014,drifting_longlines,1.0,drifting_longlines,KOR
440933000,2015,drifting_longlines,1.0,drifting_longlines,KOR
441043000,2015,drifting_longlines,1.0,drifting_longlines,KOR
441869000,2016,drifting_longlines,0.999991774559,drifting_longlines,KOR
440628000,2015,drifting_longlines,1.0,drifting_longlines,KOR
440886000,2014,drifting_longlines,1.0,drifting_longlines,KOR
440281000,2014,drifting_longlines,0.993805646896,drifting_longlines,KOR
440612000,2012,drifting_longlines,1.0,drifting_longlines,KOR
440624000,2014,drifting_longlines,0.999998748302,drifting_longlines,KOR
440645000,2012,drifting_longlines,1.0,drifting_longlines,KOR
441090000,2013,drifting_longlines,0.999999821186,drifting_longlines,KOR
441251000,2012,drifting_longlines,0.999999821186,drifting_longlines,KOR
440927000,2012,drifting_longlines,1.0,drifting_longlines,KOR
440705000,2015,drifting_longlines,0.999999821186,drifting_longlines,KOR
440704000,2015,drifting_longlines,1.0,drifting_longlines,KOR
440963000,2016,drifting_longlines,1.0,drifting_longlines,KOR
440958000,2012,drifting_longlines,0.999919772148,drifting_longlines,KOR
441018000,2012,drifting_longlines,1.0,drifting_longlines,KOR
440654000,2016,drifting_longlines,1.0,drifting_longlines,KOR
440765000,2016,drifting_longlines,0.999999940395,drifting_longlines,KOR
440733000,2016,drifting_longlines,0.999976456165,drifting_longlines,KOR
441644000,2015,drifting_longlines,0.999999761581,drifting_longlines,KOR
440773000,2013,drifting_longlines,0.646766513586,drifting_longlines,KOR
440821000,2016,drifting_longlines,1.0,drifting_longlines,KOR
441018000,2015,drifting_longlines,1.0,drifting_longlines,KOR
440858000,2014,drifting_longlines,0.999999940395,drifting_longlines,KOR
440703000,2014,drifting_longlines,0.999999165535,drifting_longlines,KOR
440281000,2012,drifting_longlines,0.999998390675,drifting_longlines,KOR
440628000,2013,drifting_longlines,1.0,drifting_longlines,KOR
440931000,2013,drifting_longlines,1.0,drifting_longlines,KOR
441374000,2015,drifting_longlines,1.0,drifting_longlines,KOR
440641000,2016,drifting_longlines,1.0,drifting_longlines,KOR
440987654,2014,drifting_longlines,0.948852241039,drifting_longlines,KOR
441483000,2016,drifting_longlines,1.0,drifting_longlines,KOR
441680000,2012,drifting_longlines,1.0,drifting_longlines,KOR
440670000,2013,drifting_longlines,1.0,drifting_longlines,KOR
440089000,2014,drifting_longlines,0.999999642372,drifting_longlines,KOR
440933000,2014,drifting_longlines,1.0,drifting_longlines,KOR
440620000,2015,drifting_longlines,1.0,drifting_longlines,KOR
440503000,2016,drifting_longlines,1.0,drifting_longlines,KOR
440584000,2015,drifting_longlines,1.0,drifting_longlines,KOR
440733000,2013,drifting_longlines,1.0,drifting_longlines,KOR
440765000,2012,drifting_longlines,1.0,drifting_longlines,KOR
440936000,2014,drifting_longlines,0.999999880791,drifting_longlines,KOR
440986000,2016,drifting_longlines,1.0,drifting_longlines,KOR
440808000,2016,cargo_or_tanker,0.903371579945,drifting_longlines,KOR
440733000,2012,drifting_longlines,0.999999701977,drifting_longlines,KOR
440045000,2015,drifting_longlines,1.0,drifting_longlines,KOR
441812000,2013,drifting_longlines,0.999999880791,drifting_longlines,KOR
440620000,2013,drifting_longlines,1.0,drifting_longlines,KOR
440926000,2016,drifting_longlines,1.0,drifting_longlines,KOR
440810000,2015,passenger,0.654734440148,drifting_longlines,KOR
440705000,2012,drifting_longlines,0.999999821186,drifting_longlines,KOR
440926000,2014,drifting_longlines,1.0,drifting_longlines,KOR
441536000,2012,drifting_longlines,1.0,drifting_longlines,KOR
440654000,2014,drifting_longlines,0.999998092651,drifting_longlines,KOR
440751000,2015,,,drifting_longlines,KOR
440777000,2016,cargo_or_tanker,0.973472020589,drifting_longlines,KOR
441812000,2015,drifting_longlines,0.999999880791,drifting_longlines,KOR
440846000,2014,drifting_longlines,0.946111351252,drifting_longlines,KOR
440236000,2014,drifting_longlines,0.999997675419,drifting_longlines,KOR
440595000,2013,drifting_longlines,1.0,drifting_longlines,KOR
440920000,2012,drifting_longlines,1.0,drifting_longlines,KOR
440787000,2016,drifting_longlines,1.0,drifting_longlines,KOR
440089000,2016,drifting_longlines,1.0,drifting_longlines,KOR
440935000,2013,drifting_longlines,0.999999761581,drifting_longlines,KOR
440941000,2016,drifting_longlines,1.0,drifting_longlines,KOR
441043000,2012,drifting_longlines,0.999986052513,drifting_longlines,KOR
440704000,2016,drifting_longlines,1.0,drifting_longlines,KOR
440952000,2013,drifting_longlines,1.0,drifting_longlines,KOR
440958000,2014,drifting_longlines,0.999998450279,drifting_longlines,KOR
440647000,2014,drifting_longlines,1.0,drifting_longlines,KOR
440954000,2015,drifting_longlines,0.999997675419,drifting_longlines,KOR
441645000,2016,drifting_longlines,0.999999463558,drifting_longlines,KOR
440549000,2013,drifting_longlines,1.0,drifting_longlines,KOR
440604000,2016,drifting_longlines,1.0,drifting_longlines,KOR
440741000,2012,drifting_longlines,0.507606230211,drifting_longlines,KOR
440045000,2014,drifting_longlines,1.0,drifting_longlines,KOR
441811000,2012,drifting_longlines,1.0,drifting_longlines,KOR
441645000,2013,drifting_longlines,0.999989688396,drifting_longlines,KOR
440628000,2016,drifting_longlines,1.0,drifting_longlines,KOR
440963000,2014,drifting_longlines,0.999999582767,drifting_longlines,KOR
440623000,2012,drifting_longlines,0.999770104885,drifting_longlines,KOR
441645000,2014,drifting_longlines,0.999999880791,drifting_longlines,KOR
440574000,2012,drifting_longlines,1.0,drifting_longlines,KOR
440239000,2016,drifting_longlines,0.999998390675,drifting_longlines,KOR
440522000,2016,drifting_longlines,0.999999821186,drifting_longlines,KOR
538060005,2014,purse_seines,0.999513089657,purse_seines,MHL
538060004,2015,purse_seines,0.999965071678,purse_seines,MHL
538060018,2015,purse_seines,0.99577921629,purse_seines,MHL
538060004,2014,,,purse_seines,MHL
538060005,2013,purse_seines,0.995541036129,purse_seines,MHL
538060018,2012,purse_seines,0.999942660332,purse_seines,MHL
538060006,2012,purse_seines,0.995401382446,purse_seines,MHL
538060006,2013,purse_seines,0.999208837748,purse_seines,MHL
538060006,2014,purse_seines,0.999945163727,purse_seines,MHL
350107000,2014,purse_seines,0.99975168705,purse_seines,NIC
512012000,2015,purse_seines,0.99960783124,purse_seines,NZL
512000089,2012,purse_seines,0.999776184559,purse_seines,NZL
512000061,2012,,,purse_seines,NZL
512012000,2016,purse_seines,0.960538208485,purse_seines,NZL
512000061,2015,purse_seines,0.937994927168,purse_seines,NZL
548831000,2013,purse_seines,0.999969482422,purse_seines,PHL
548831000,2012,purse_seines,0.99990144372,purse_seines,PHL
548831000,2015,purse_seines,0.999589473009,purse_seines,PHL
548831000,2016,purse_seines,0.999612927437,purse_seines,PHL
553111765,2016,purse_seines,0.999506086111,purse_seines,PNG
553111750,2014,,,purse_seines,PNG
553111761,2016,purse_seines,0.998766362667,purse_seines,PNG
553111712,2016,purse_seines,0.999407619238,purse_seines,PNG
553111765,2015,purse_seines,0.998647153378,purse_seines,PNG
553111712,2015,purse_seines,0.997948527336,purse_seines,PNG
553111750,2016,purse_seines,0.999137222767,purse_seines,PNG
553111744,2015,purse_seines,0.999291390181,purse_seines,PNG
553111712,2014,purse_seines,0.999068677425,purse_seines,PNG
416233600,2013,purse_seines,0.998594671488,purse_seines,TWN
416017500,2014,purse_seines,0.999966084957,purse_seines,TWN
416243600,2016,purse_seines,0.999280542135,purse_seines,TWN
416233600,2016,purse_seines,0.500151603235,purse_seines,TWN
416233600,2014,purse_seines,0.999529361725,purse_seines,TWN
416017500,2016,purse_seines,0.999180585146,purse_seines,TWN
416243700,2016,purse_seines,0.99811398983,purse_seines,TWN
416233600,2012,purse_seines,0.998098254204,purse_seines,TWN
416017500,2015,purse_seines,0.999940276146,purse_seines,TWN
416243700,2015,purse_seines,0.992592573166,purse_seines,TWN
416243700,2013,,,purse_seines,TWN
416574000,2014,purse_seines,0.999936342239,purse_seines,TWN
416898000,2014,,,purse_seines,TWN
416233600,2015,purse_seines,0.999815762043,purse_seines,TWN
416004501,2016,drifting_longlines,0.99998819828,drifting_longlines,TWN
416197600,2015,drifting_longlines,1.0,drifting_longlines,TWN
416003803,2015,drifting_longlines,0.999938905239,drifting_longlines,TWN
416004553,2016,drifting_longlines,1.0,drifting_longlines,TWN
416004242,2015,drifting_longlines,1.0,drifting_longlines,TWN
416003854,2012,drifting_longlines,1.0,drifting_longlines,TWN
416004565,2014,drifting_longlines,0.999989271164,drifting_longlines,TWN
416003803,2013,drifting_longlines,0.999994635582,drifting_longlines,TWN
416003709,2013,drifting_longlines,0.999986767769,drifting_longlines,TWN
416000179,2014,drifting_longlines,0.999946892262,drifting_longlines,TWN
416004507,2014,drifting_longlines,0.99990144372,drifting_longlines,TWN
416004501,2013,drifting_longlines,0.999316960573,drifting_longlines,TWN
416004502,2015,drifting_longlines,0.999979019165,drifting_longlines,TWN
416197600,2013,drifting_longlines,1.0,drifting_longlines,TWN
416000179,2015,drifting_longlines,0.999999761581,drifting_longlines,TWN
416004565,2016,drifting_longlines,1.0,drifting_longlines,TWN
416210600,2015,drifting_longlines,1.0,drifting_longlines,TWN
416003709,2012,,,drifting_longlines,TWN
416004566,2013,drifting_longlines,1.0,drifting_longlines,TWN
416004565,2013,drifting_longlines,0.999984145164,drifting_longlines,TWN
416004566,2014,drifting_longlines,0.999993443489,drifting_longlines,TWN
416003756,2013,drifting_longlines,0.999998986721,drifting_longlines,TWN
416004409,2016,drifting_longlines,0.999949038029,drifting_longlines,TWN
416004565,2015,drifting_longlines,1.0,drifting_longlines,TWN
416000179,2016,drifting_longlines,1.0,drifting_longlines,TWN
416004566,2016,drifting_longlines,0.999999880791,drifting_longlines,TWN
416002596,2014,drifting_longlines,0.999997377396,drifting_longlines,TWN
416004552,2014,drifting_longlines,0.999960303307,drifting_longlines,TWN
416003854,2016,drifting_longlines,0.999999940395,drifting_longlines,TWN
416210600,2016,drifting_longlines,0.999998152256,drifting_longlines,TWN
416002596,2013,drifting_longlines,0.999990105629,drifting_longlines,TWN
416003756,2014,drifting_longlines,1.0,drifting_longlines,TWN
416710000,2016,drifting_longlines,1.0,drifting_longlines,TWN
416197600,2016,drifting_longlines,1.0,drifting_longlines,TWN
416003709,2016,drifting_longlines,0.999999463558,drifting_longlines,TWN
416004553,2013,drifting_longlines,0.999970674515,drifting_longlines,TWN
416004502,2016,drifting_longlines,0.999997913837,drifting_longlines,TWN
416002596,2016,drifting_longlines,0.999994516373,drifting_longlines,TWN
416004552,2015,drifting_longlines,1.0,drifting_longlines,TWN
416197600,2014,drifting_longlines,0.999999761581,drifting_longlines,TWN
416004501,2014,drifting_longlines,0.999998092651,drifting_longlines,TWN
416000179,2012,,,drifting_longlines,TWN
416004502,2013,,,drifting_longlines,TWN
416004409,2015,drifting_longlines,0.999923467636,drifting_longlines,TWN
416210600,2013,drifting_longlines,1.0,drifting_longlines,TWN
367359220,2014,purse_seines,0.996288180351,purse_seines,USA
338622000,2016,,,purse_seines,USA
367359220,2012,purse_seines,0.997638225555,purse_seines,USA
367463000,2014,purse_seines,0.998983949423,purse_seines,USA
368489000,2013,purse_seines,0.999970436096,purse_seines,USA
368489000,2015,purse_seines,0.99971857667,purse_seines,USA
368489000,2016,purse_seines,0.999573260546,purse_seines,USA
366927000,2013,purse_seines,0.996535658836,purse_seines,USA
367666000,2015,purse_seines,0.999848812819,purse_seines,USA
338712000,2013,purse_seines,0.999901294708,purse_seines,USA
338013000,2013,,,purse_seines,USA
303137000,2014,purse_seines,0.998548895121,purse_seines,USA
303137000,2015,purse_seines,0.999752640724,purse_seines,USA
367463000,2016,purse_seines,0.999979138374,purse_seines,USA
338712000,2016,purse_seines,0.998388648033,purse_seines,USA
338622000,2014,purse_seines,0.986907929182,purse_seines,USA
367359220,2015,purse_seines,0.99672049284,purse_seines,USA
576375000,2014,,,drifting_longlines,VUT
